{
  "healing6": {
    "max": 50,
    "title": "HP%",
    "on": false,
    "min": 0,
    "text": "fuga"
  },
  "autoHelpMessage": "",
  "foodItems": [
    {
      "count": 1,
      "id": 3582
    },
    {
      "count": 1,
      "id": 3577
    }
  ],
  "isUsing": false,
  "ingame_hotkeys": "",
  "sense": "nome",
  "uniqueVarName": "spell",
  "Combo1Text": "",
  "buff2": "buff 2",
  "manatrainer": {
    "max": 90,
    "title": "mana%",
    "on": false,
    "min": 0,
    "text": "Power Down"
  },
  "autoHealthItemPanel2": {
    "max": 60,
    "item": 266,
    "min": 0
  },
  "advancedFriendHealer": {
    "itemHeal": false,
    "minFriendHp": 40,
    "id": 266,
    "minMana": 60,
    "distance": 8,
    "spellHeal": false,
    "spellName": "magia de cura"
  },
  "Combo5Text": "",
  "autoTradeMessage": "",
  "autoHealthItemPanel1": {
    "max": 60,
    "item": 266,
    "min": 0
  },
  "_macros": {
    "": false,
    "Buff": false,
    "Auto Enemy": false,
    "Attack LOW HP": true,
    "ENEMY": true,
    "Target": true,
    "Auto Haste": false,
    "Hold Target": false,
    "Stop Cave/target": false,
    "Anti-Push": false,
    "Vocation Summon": true,
    "Ataque Target [ESC]": false,
    "Bug Map": false,
    "Summon": false,
    "Sense Target": false,
    "Anti Paralyze": false,
    "attack enemy": true,
    "Enemy": false,
    "Combo": false,
    "Spy Level": false,
    "Monstro Hp %": false,
    "Atk Enemy Target": false,
    "Follow Attack": false,
    "Sense": false,
    "Hold Target [ESC Cancel]": false,
    "Atacar Seguindo": false,
    "Target teste": true,
    "Attack Todos": false
  },
  "Combo3Text": "",
  "ingame_hotkeys2": "",
  "ComboText": "",
  "autoHasteText": "super speed",
  "Combo4Text": "",
  "afkMsg": "",
  "autoHealthPanel1": {
    "max": 99,
    "item": 266,
    "enabled": true,
    "min": 0,
    "text": "big regeneration"
  },
  "Combo2Text": "",
  "_icons": {
    "luis": {
      "y": 0.36067892503536,
      "x": 0.08,
      "enabled": true
    },
    "Sense": {
      "y": 0.29278642149929,
      "x": 0,
      "enabled": false
    },
    "Auto PT": {
      "y": 0.22065063649222,
      "x": 0.12235294117647,
      "enabled": false
    },
    "Buff": {
      "y": 0.19236209335219,
      "x": 0,
      "enabled": false
    },
    "Combo": {
      "y": 0.089108910891089,
      "x": 0,
      "enabled": false
    },
    "buffz": {
      "y": 0.27157001414427,
      "x": 0,
      "enabled": false
    }
  },
  "healing5": {
    "max": 50,
    "title": "HP%",
    "on": false,
    "min": 0,
    "text": "fuga"
  },
  "healing4": {
    "max": 60,
    "title": "HP%",
    "on": false,
    "min": 0,
    "text": "fuga"
  },
  "autoManaItemPanel1": {
    "max": 60,
    "item": 268,
    "min": 0
  },
  "autofollow": {
    "player": "nome"
  },
  "alarms": {
    "playerpk": false,
    "playerDetected": false,
    "creatureDetected": false,
    "playerDetectedLogout": false,
    "playerAttack": false,
    "manaBelow": false,
    "privateMessage": false,
    "healthBelow": false,
    "enabled": false,
    "manaValue": 39,
    "healthValue": 50
  },
  "superDash": false,
  "autoAntiParalyzeText": "super speed",
  "moneyItems": [
    {
      "count": 1,
      "id": 3031
    },
    {
      "count": 1,
      "id": 3035
    }
  ],
  "playerList": {
    "enemyList": [

    ],
    "outfits": false,
    "friendList": [

    ],
    "blackList": [

    ],
    "marks": false,
    "groupMembers": false
  },
  "buff": "buff magia",
  "Combo6Text": "",
  "_configs": {
    "targetbot_configs": {
      "selected": "others",
      "enabled": false
    },
    "cavebot_configs": {
      "enabled": false
    }
  },
  "healing3": {
    "max": 30,
    "title": "HP%",
    "on": false,
    "min": 0,
    "text": "fuga"
  }
}